plane,angle,orientation,neck_C,head_A
X-Z,0.0,RIGHT-DOWN,0.0,0.0
X-Z,0.0,LEFT-DOWN,0.0,0.0
X-Z,0.0,LEFT-UP,180.0,0.0
X-Z,0.0,RIGHT-UP,180.0,0.0
X-Z,0.5,RIGHT-DOWN,359.75,0.7071
X-Z,0.5,LEFT-DOWN,0.25,359.2929
X-Z,0.5,LEFT-UP,179.75,0.7071
X-Z,0.5,RIGHT-UP,180.25,359.2929
X-Z,1.0,RIGHT-DOWN,359.5,1.4142
X-Z,1.0,LEFT-DOWN,0.5,358.5858
X-Z,1.0,LEFT-UP,179.5,1.4142
X-Z,1.0,RIGHT-UP,180.5,358.5858
X-Z,1.5,RIGHT-DOWN,359.2499,2.1214
X-Z,1.5,LEFT-DOWN,0.7501,357.8786
X-Z,1.5,LEFT-UP,179.2499,2.1214
X-Z,1.5,RIGHT-UP,180.7501,357.8786
X-Z,2.0,RIGHT-DOWN,358.9998,2.8286
X-Z,2.0,LEFT-DOWN,1.0002,357.1714
X-Z,2.0,LEFT-UP,178.9998,2.8286
X-Z,2.0,RIGHT-UP,181.0002,357.1714
X-Z,2.5,RIGHT-DOWN,358.7497,3.5358
X-Z,2.5,LEFT-DOWN,1.2503,356.4642
X-Z,2.5,LEFT-UP,178.7497,3.5358
X-Z,2.5,RIGHT-UP,181.2503,356.4642
X-Z,3.0,RIGHT-DOWN,358.4995,4.2431
X-Z,3.0,LEFT-DOWN,1.5005,355.7569
X-Z,3.0,LEFT-UP,178.4995,4.2431
X-Z,3.0,RIGHT-UP,181.5005,355.7569
X-Z,3.5,RIGHT-DOWN,358.2492,4.9505
X-Z,3.5,LEFT-DOWN,1.7508,355.0495
X-Z,3.5,LEFT-UP,178.2492,4.9505
X-Z,3.5,RIGHT-UP,181.7508,355.0495
X-Z,4.0,RIGHT-DOWN,357.9988,5.658
X-Z,4.0,LEFT-DOWN,2.0012,354.342
X-Z,4.0,LEFT-UP,177.9988,5.658
X-Z,4.0,RIGHT-UP,182.0012,354.342
X-Z,4.5,RIGHT-DOWN,357.7483,6.3656
X-Z,4.5,LEFT-DOWN,2.2517,353.6344
X-Z,4.5,LEFT-UP,177.7483,6.3656
X-Z,4.5,RIGHT-UP,182.2517,353.6344
X-Z,5.0,RIGHT-DOWN,357.4976,7.0733
X-Z,5.0,LEFT-DOWN,2.5024,352.9267
X-Z,5.0,LEFT-UP,177.4976,7.0733
X-Z,5.0,RIGHT-UP,182.5024,352.9267
X-Z,5.5,RIGHT-DOWN,357.2468,7.7812
X-Z,5.5,LEFT-DOWN,2.7532,352.2188
X-Z,5.5,LEFT-UP,177.2468,7.7812
X-Z,5.5,RIGHT-UP,182.7532,352.2188
X-Z,6.0,RIGHT-DOWN,356.9959,8.4892
X-Z,6.0,LEFT-DOWN,3.0041,351.5108
X-Z,6.0,LEFT-UP,176.9959,8.4892
X-Z,6.0,RIGHT-UP,183.0041,351.5108
X-Z,6.5,RIGHT-DOWN,356.7448,9.1973
X-Z,6.5,LEFT-DOWN,3.2552,350.8027
X-Z,6.5,LEFT-UP,176.7448,9.1973
X-Z,6.5,RIGHT-UP,183.2552,350.8027
X-Z,7.0,RIGHT-DOWN,356.4935,9.9057
X-Z,7.0,LEFT-DOWN,3.5065,350.0943
X-Z,7.0,LEFT-UP,176.4935,9.9057
X-Z,7.0,RIGHT-UP,183.5065,350.0943
X-Z,7.5,RIGHT-DOWN,356.2419,10.6142
X-Z,7.5,LEFT-DOWN,3.7581,349.3858
X-Z,7.5,LEFT-UP,176.2419,10.6142
X-Z,7.5,RIGHT-UP,183.7581,349.3858
X-Z,8.0,RIGHT-DOWN,355.9902,11.3229
X-Z,8.0,LEFT-DOWN,4.0098,348.6771
X-Z,8.0,LEFT-UP,175.9902,11.3229
X-Z,8.0,RIGHT-UP,184.0098,348.6771
X-Z,8.5,RIGHT-DOWN,355.7383,12.0319
X-Z,8.5,LEFT-DOWN,4.2617,347.9681
X-Z,8.5,LEFT-UP,175.7383,12.0319
X-Z,8.5,RIGHT-UP,184.2617,347.9681
X-Z,9.0,RIGHT-DOWN,355.4861,12.7411
X-Z,9.0,LEFT-DOWN,4.5139,347.2589
X-Z,9.0,LEFT-UP,175.4861,12.7411
X-Z,9.0,RIGHT-UP,184.5139,347.2589
X-Z,9.5,RIGHT-DOWN,355.2336,13.4505
X-Z,9.5,LEFT-DOWN,4.7664,346.5495
X-Z,9.5,LEFT-UP,175.2336,13.4505
X-Z,9.5,RIGHT-UP,184.7664,346.5495
X-Z,10.0,RIGHT-DOWN,354.9809,14.1602
X-Z,10.0,LEFT-DOWN,5.0191,345.8398
X-Z,10.0,LEFT-UP,174.9809,14.1602
X-Z,10.0,RIGHT-UP,185.0191,345.8398
X-Z,10.5,RIGHT-DOWN,354.7278,14.8702
X-Z,10.5,LEFT-DOWN,5.2722,345.1298
X-Z,10.5,LEFT-UP,174.7278,14.8702
X-Z,10.5,RIGHT-UP,185.2722,345.1298
X-Z,11.0,RIGHT-DOWN,354.4745,15.5804
X-Z,11.0,LEFT-DOWN,5.5255,344.4196
X-Z,11.0,LEFT-UP,174.4745,15.5804
X-Z,11.0,RIGHT-UP,185.5255,344.4196
X-Z,11.5,RIGHT-DOWN,354.2208,16.291
X-Z,11.5,LEFT-DOWN,5.7792,343.709
X-Z,11.5,LEFT-UP,174.2208,16.291
X-Z,11.5,RIGHT-UP,185.7792,343.709
X-Z,12.0,RIGHT-DOWN,353.9668,17.0019
X-Z,12.0,LEFT-DOWN,6.0332,342.9981
X-Z,12.0,LEFT-UP,173.9668,17.0019
X-Z,12.0,RIGHT-UP,186.0332,342.9981
X-Z,12.5,RIGHT-DOWN,353.7125,17.7131
X-Z,12.5,LEFT-DOWN,6.2875,342.2869
X-Z,12.5,LEFT-UP,173.7125,17.7131
X-Z,12.5,RIGHT-UP,186.2875,342.2869
X-Z,13.0,RIGHT-DOWN,353.4578,18.4246
X-Z,13.0,LEFT-DOWN,6.5422,341.5754
X-Z,13.0,LEFT-UP,173.4578,18.4246
X-Z,13.0,RIGHT-UP,186.5422,341.5754
X-Z,13.5,RIGHT-DOWN,353.2027,19.1366
X-Z,13.5,LEFT-DOWN,6.7973,340.8634
X-Z,13.5,LEFT-UP,173.2027,19.1366
X-Z,13.5,RIGHT-UP,186.7973,340.8634
X-Z,14.0,RIGHT-DOWN,352.9472,19.8489
X-Z,14.0,LEFT-DOWN,7.0528,340.1511
X-Z,14.0,LEFT-UP,172.9472,19.8489
X-Z,14.0,RIGHT-UP,187.0528,340.1511
X-Z,14.5,RIGHT-DOWN,352.6913,20.5616
X-Z,14.5,LEFT-DOWN,7.3087,339.4384
X-Z,14.5,LEFT-UP,172.6913,20.5616
X-Z,14.5,RIGHT-UP,187.3087,339.4384
X-Z,15.0,RIGHT-DOWN,352.4349,21.2747
X-Z,15.0,LEFT-DOWN,7.5651,338.7253
X-Z,15.0,LEFT-UP,172.4349,21.2747
X-Z,15.0,RIGHT-UP,187.5651,338.7253
X-Z,15.5,RIGHT-DOWN,352.1781,21.9882
X-Z,15.5,LEFT-DOWN,7.8219,338.0118
X-Z,15.5,LEFT-UP,172.1781,21.9882
X-Z,15.5,RIGHT-UP,187.8219,338.0118
X-Z,16.0,RIGHT-DOWN,351.9209,22.7022
X-Z,16.0,LEFT-DOWN,8.0791,337.2978
X-Z,16.0,LEFT-UP,171.9209,22.7022
X-Z,16.0,RIGHT-UP,188.0791,337.2978
X-Z,16.5,RIGHT-DOWN,351.6631,23.4166
X-Z,16.5,LEFT-DOWN,8.3369,336.5834
X-Z,16.5,LEFT-UP,171.6631,23.4166
X-Z,16.5,RIGHT-UP,188.3369,336.5834
X-Z,17.0,RIGHT-DOWN,351.4049,24.1315
X-Z,17.0,LEFT-DOWN,8.5951,335.8685
X-Z,17.0,LEFT-UP,171.4049,24.1315
X-Z,17.0,RIGHT-UP,188.5951,335.8685
X-Z,17.5,RIGHT-DOWN,351.1461,24.8469
X-Z,17.5,LEFT-DOWN,8.8539,335.1531
X-Z,17.5,LEFT-UP,171.1461,24.8469
X-Z,17.5,RIGHT-UP,188.8539,335.1531
X-Z,18.0,RIGHT-DOWN,350.8869,25.5628
X-Z,18.0,LEFT-DOWN,9.1131,334.4372
X-Z,18.0,LEFT-UP,170.8869,25.5628
X-Z,18.0,RIGHT-UP,189.1131,334.4372
X-Z,18.5,RIGHT-DOWN,350.627,26.2792
X-Z,18.5,LEFT-DOWN,9.373,333.7208
X-Z,18.5,LEFT-UP,170.627,26.2792
X-Z,18.5,RIGHT-UP,189.373,333.7208
X-Z,19.0,RIGHT-DOWN,350.3667,26.9961
X-Z,19.0,LEFT-DOWN,9.6333,333.0039
X-Z,19.0,LEFT-UP,170.3667,26.9961
X-Z,19.0,RIGHT-UP,189.6333,333.0039
X-Z,19.5,RIGHT-DOWN,350.1057,27.7136
X-Z,19.5,LEFT-DOWN,9.8943,332.2864
X-Z,19.5,LEFT-UP,170.1057,27.7136
X-Z,19.5,RIGHT-UP,189.8943,332.2864
X-Z,20.0,RIGHT-DOWN,349.8441,28.4317
X-Z,20.0,LEFT-DOWN,10.1559,331.5683
X-Z,20.0,LEFT-UP,169.8441,28.4317
X-Z,20.0,RIGHT-UP,190.1559,331.5683
X-Z,20.5,RIGHT-DOWN,349.5819,29.1504
X-Z,20.5,LEFT-DOWN,10.4181,330.8496
X-Z,20.5,LEFT-UP,169.5819,29.1504
X-Z,20.5,RIGHT-UP,190.4181,330.8496
X-Z,21.0,RIGHT-DOWN,349.3191,29.8696
X-Z,21.0,LEFT-DOWN,10.6809,330.1304
X-Z,21.0,LEFT-UP,169.3191,29.8696
X-Z,21.0,RIGHT-UP,190.6809,330.1304
X-Z,21.5,RIGHT-DOWN,349.0556,30.5895
X-Z,21.5,LEFT-DOWN,10.9444,329.4105
X-Z,21.5,LEFT-UP,169.0556,30.5895
X-Z,21.5,RIGHT-UP,190.9444,329.4105
X-Z,22.0,RIGHT-DOWN,348.7915,31.31
X-Z,22.0,LEFT-DOWN,11.2085,328.69
X-Z,22.0,LEFT-UP,168.7915,31.31
X-Z,22.0,RIGHT-UP,191.2085,328.69
X-Z,22.5,RIGHT-DOWN,348.5266,32.0312
X-Z,22.5,LEFT-DOWN,11.4734,327.9688
X-Z,22.5,LEFT-UP,168.5266,32.0312
X-Z,22.5,RIGHT-UP,191.4734,327.9688
X-Z,23.0,RIGHT-DOWN,348.2611,32.7531
X-Z,23.0,LEFT-DOWN,11.7389,327.2469
X-Z,23.0,LEFT-UP,168.2611,32.7531
X-Z,23.0,RIGHT-UP,191.7389,327.2469
X-Z,23.5,RIGHT-DOWN,347.9948,33.4757
X-Z,23.5,LEFT-DOWN,12.0052,326.5243
X-Z,23.5,LEFT-UP,167.9948,33.4757
X-Z,23.5,RIGHT-UP,192.0052,326.5243
X-Z,24.0,RIGHT-DOWN,347.7278,34.1989
X-Z,24.0,LEFT-DOWN,12.2722,325.8011
X-Z,24.0,LEFT-UP,167.7278,34.1989
X-Z,24.0,RIGHT-UP,192.2722,325.8011
X-Z,24.5,RIGHT-DOWN,347.46,34.923
X-Z,24.5,LEFT-DOWN,12.54,325.077
X-Z,24.5,LEFT-UP,167.46,34.923
X-Z,24.5,RIGHT-UP,192.54,325.077
X-Z,25.0,RIGHT-DOWN,347.1914,35.6477
X-Z,25.0,LEFT-DOWN,12.8086,324.3523
X-Z,25.0,LEFT-UP,167.1914,35.6477
X-Z,25.0,RIGHT-UP,192.8086,324.3523
X-Z,25.5,RIGHT-DOWN,346.922,36.3733
X-Z,25.5,LEFT-DOWN,13.078,323.6267
X-Z,25.5,LEFT-UP,166.922,36.3733
X-Z,25.5,RIGHT-UP,193.078,323.6267
X-Z,26.0,RIGHT-DOWN,346.6518,37.0996
X-Z,26.0,LEFT-DOWN,13.3482,322.9004
X-Z,26.0,LEFT-UP,166.6518,37.0996
X-Z,26.0,RIGHT-UP,193.3482,322.9004
X-Z,26.5,RIGHT-DOWN,346.3807,37.8268
X-Z,26.5,LEFT-DOWN,13.6193,322.1732
X-Z,26.5,LEFT-UP,166.3807,37.8268
X-Z,26.5,RIGHT-UP,193.6193,322.1732
X-Z,27.0,RIGHT-DOWN,346.1088,38.5547
X-Z,27.0,LEFT-DOWN,13.8912,321.4453
X-Z,27.0,LEFT-UP,166.1088,38.5547
X-Z,27.0,RIGHT-UP,193.8912,321.4453
X-Z,27.5,RIGHT-DOWN,345.836,39.2836
X-Z,27.5,LEFT-DOWN,14.164,320.7164
X-Z,27.5,LEFT-UP,165.836,39.2836
X-Z,27.5,RIGHT-UP,194.164,320.7164
X-Z,28.0,RIGHT-DOWN,345.5622,40.0133
X-Z,28.0,LEFT-DOWN,14.4378,319.9867
X-Z,28.0,LEFT-UP,165.5622,40.0133
X-Z,28.0,RIGHT-UP,194.4378,319.9867
X-Z,28.5,RIGHT-DOWN,345.2876,40.7439
X-Z,28.5,LEFT-DOWN,14.7124,319.2561
X-Z,28.5,LEFT-UP,165.2876,40.7439
X-Z,28.5,RIGHT-UP,194.7124,319.2561
X-Z,29.0,RIGHT-DOWN,345.0119,41.4755
X-Z,29.0,LEFT-DOWN,14.9881,318.5245
X-Z,29.0,LEFT-UP,165.0119,41.4755
X-Z,29.0,RIGHT-UP,194.9881,318.5245
X-Z,29.5,RIGHT-DOWN,344.7353,42.2079
X-Z,29.5,LEFT-DOWN,15.2647,317.7921
X-Z,29.5,LEFT-UP,164.7353,42.2079
X-Z,29.5,RIGHT-UP,195.2647,317.7921
X-Z,30.0,RIGHT-DOWN,344.4577,42.9414
X-Z,30.0,LEFT-DOWN,15.5423,317.0586
X-Z,30.0,LEFT-UP,164.4577,42.9414
X-Z,30.0,RIGHT-UP,195.5423,317.0586
X-Z,30.5,RIGHT-DOWN,344.1791,43.6758
X-Z,30.5,LEFT-DOWN,15.8209,316.3242
X-Z,30.5,LEFT-UP,164.1791,43.6758
X-Z,30.5,RIGHT-UP,195.8209,316.3242
X-Z,31.0,RIGHT-DOWN,343.8994,44.4113
X-Z,31.0,LEFT-DOWN,16.1006,315.5887
X-Z,31.0,LEFT-UP,163.8994,44.4113
X-Z,31.0,RIGHT-UP,196.1006,315.5887
X-Z,31.5,RIGHT-DOWN,343.6187,45.1478
X-Z,31.5,LEFT-DOWN,16.3813,314.8522
X-Z,31.5,LEFT-UP,163.6187,45.1478
X-Z,31.5,RIGHT-UP,196.3813,314.8522
X-Z,32.0,RIGHT-DOWN,343.3368,45.8854
X-Z,32.0,LEFT-DOWN,16.6632,314.1146
X-Z,32.0,LEFT-UP,163.3368,45.8854
X-Z,32.0,RIGHT-UP,196.6632,314.1146
X-Z,32.5,RIGHT-DOWN,343.0538,46.624
X-Z,32.5,LEFT-DOWN,16.9462,313.376
X-Z,32.5,LEFT-UP,163.0538,46.624
X-Z,32.5,RIGHT-UP,196.9462,313.376
X-Z,33.0,RIGHT-DOWN,342.7697,47.3638
X-Z,33.0,LEFT-DOWN,17.2303,312.6362
X-Z,33.0,LEFT-UP,162.7697,47.3638
X-Z,33.0,RIGHT-UP,197.2303,312.6362
X-Z,33.5,RIGHT-DOWN,342.4844,48.1047
X-Z,33.5,LEFT-DOWN,17.5156,311.8953
X-Z,33.5,LEFT-UP,162.4844,48.1047
X-Z,33.5,RIGHT-UP,197.5156,311.8953
X-Z,34.0,RIGHT-DOWN,342.1979,48.8468
X-Z,34.0,LEFT-DOWN,17.8021,311.1532
X-Z,34.0,LEFT-UP,162.1979,48.8468
X-Z,34.0,RIGHT-UP,197.8021,311.1532
X-Z,34.5,RIGHT-DOWN,341.9101,49.59
X-Z,34.5,LEFT-DOWN,18.0899,310.41
X-Z,34.5,LEFT-UP,161.9101,49.59
X-Z,34.5,RIGHT-UP,198.0899,310.41
X-Z,35.0,RIGHT-DOWN,341.6211,50.3345
X-Z,35.0,LEFT-DOWN,18.3789,309.6655
X-Z,35.0,LEFT-UP,161.6211,50.3345
X-Z,35.0,RIGHT-UP,198.3789,309.6655
X-Z,35.5,RIGHT-DOWN,341.3309,51.0803
X-Z,35.5,LEFT-DOWN,18.6691,308.9197
X-Z,35.5,LEFT-UP,161.3309,51.0803
X-Z,35.5,RIGHT-UP,198.6691,308.9197
X-Z,36.0,RIGHT-DOWN,341.0393,51.8273
X-Z,36.0,LEFT-DOWN,18.9607,308.1727
X-Z,36.0,LEFT-UP,161.0393,51.8273
X-Z,36.0,RIGHT-UP,198.9607,308.1727
X-Z,36.5,RIGHT-DOWN,340.7464,52.5756
X-Z,36.5,LEFT-DOWN,19.2536,307.4244
X-Z,36.5,LEFT-UP,160.7464,52.5756
X-Z,36.5,RIGHT-UP,199.2536,307.4244
X-Z,37.0,RIGHT-DOWN,340.4521,53.3253
X-Z,37.0,LEFT-DOWN,19.5479,306.6747
X-Z,37.0,LEFT-UP,160.4521,53.3253
X-Z,37.0,RIGHT-UP,199.5479,306.6747
X-Z,37.5,RIGHT-DOWN,340.1564,54.0763
X-Z,37.5,LEFT-DOWN,19.8436,305.9237
X-Z,37.5,LEFT-UP,160.1564,54.0763
X-Z,37.5,RIGHT-UP,199.8436,305.9237
X-Z,38.0,RIGHT-DOWN,339.8592,54.8288
X-Z,38.0,LEFT-DOWN,20.1408,305.1712
X-Z,38.0,LEFT-UP,159.8592,54.8288
X-Z,38.0,RIGHT-UP,200.1408,305.1712
X-Z,38.5,RIGHT-DOWN,339.5607,55.5827
X-Z,38.5,LEFT-DOWN,20.4393,304.4173
X-Z,38.5,LEFT-UP,159.5607,55.5827
X-Z,38.5,RIGHT-UP,200.4393,304.4173
X-Z,39.0,RIGHT-DOWN,339.2606,56.338
X-Z,39.0,LEFT-DOWN,20.7394,303.662
X-Z,39.0,LEFT-UP,159.2606,56.338
X-Z,39.0,RIGHT-UP,200.7394,303.662
X-Z,39.5,RIGHT-DOWN,338.959,57.0949
X-Z,39.5,LEFT-DOWN,21.041,302.9051
X-Z,39.5,LEFT-UP,158.959,57.0949
X-Z,39.5,RIGHT-UP,201.041,302.9051
X-Z,40.0,RIGHT-DOWN,338.6558,57.8533
X-Z,40.0,LEFT-DOWN,21.3442,302.1467
X-Z,40.0,LEFT-UP,158.6558,57.8533
X-Z,40.0,RIGHT-UP,201.3442,302.1467
X-Z,40.5,RIGHT-DOWN,338.351,58.6133
X-Z,40.5,LEFT-DOWN,21.649,301.3867
X-Z,40.5,LEFT-UP,158.351,58.6133
X-Z,40.5,RIGHT-UP,201.649,301.3867
X-Z,41.0,RIGHT-DOWN,338.0446,59.3749
X-Z,41.0,LEFT-DOWN,21.9554,300.6251
X-Z,41.0,LEFT-UP,158.0446,59.3749
X-Z,41.0,RIGHT-UP,201.9554,300.6251
X-Z,41.5,RIGHT-DOWN,337.7365,60.1381
X-Z,41.5,LEFT-DOWN,22.2635,299.8619
X-Z,41.5,LEFT-UP,157.7365,60.1381
X-Z,41.5,RIGHT-UP,202.2635,299.8619
X-Z,42.0,RIGHT-DOWN,337.4268,60.903
X-Z,42.0,LEFT-DOWN,22.5732,299.097
X-Z,42.0,LEFT-UP,157.4268,60.903
X-Z,42.0,RIGHT-UP,202.5732,299.097
X-Z,42.5,RIGHT-DOWN,337.1153,61.6696
X-Z,42.5,LEFT-DOWN,22.8847,298.3304
X-Z,42.5,LEFT-UP,157.1153,61.6696
X-Z,42.5,RIGHT-UP,202.8847,298.3304
X-Z,43.0,RIGHT-DOWN,336.802,62.4381
X-Z,43.0,LEFT-DOWN,23.198,297.5619
X-Z,43.0,LEFT-UP,156.802,62.4381
X-Z,43.0,RIGHT-UP,203.198,297.5619
X-Z,43.5,RIGHT-DOWN,336.4868,63.2083
X-Z,43.5,LEFT-DOWN,23.5132,296.7917
X-Z,43.5,LEFT-UP,156.4868,63.2083
X-Z,43.5,RIGHT-UP,203.5132,296.7917
X-Z,44.0,RIGHT-DOWN,336.1699,63.9803
X-Z,44.0,LEFT-DOWN,23.8301,296.0197
X-Z,44.0,LEFT-UP,156.1699,63.9803
X-Z,44.0,RIGHT-UP,203.8301,296.0197
X-Z,44.5,RIGHT-DOWN,335.851,64.7543
X-Z,44.5,LEFT-DOWN,24.149,295.2457
X-Z,44.5,LEFT-UP,155.851,64.7543
X-Z,44.5,RIGHT-UP,204.149,295.2457
X-Z,45.0,RIGHT-DOWN,335.5302,65.5302
X-Z,45.0,LEFT-DOWN,24.4698,294.4698
X-Z,45.0,LEFT-UP,155.5302,65.5302
X-Z,45.0,RIGHT-UP,204.4698,294.4698
X-Z,45.5,RIGHT-DOWN,335.2074,66.3081
X-Z,45.5,LEFT-DOWN,24.7926,293.6919
X-Z,45.5,LEFT-UP,155.2074,66.3081
X-Z,45.5,RIGHT-UP,204.7926,293.6919
X-Z,46.0,RIGHT-DOWN,334.8826,67.088
X-Z,46.0,LEFT-DOWN,25.1174,292.912
X-Z,46.0,LEFT-UP,154.8826,67.088
X-Z,46.0,RIGHT-UP,205.1174,292.912
X-Z,46.5,RIGHT-DOWN,334.5557,67.87
X-Z,46.5,LEFT-DOWN,25.4443,292.13
X-Z,46.5,LEFT-UP,154.5557,67.87
X-Z,46.5,RIGHT-UP,205.4443,292.13
X-Z,47.0,RIGHT-DOWN,334.2266,68.6541
X-Z,47.0,LEFT-DOWN,25.7734,291.3459
X-Z,47.0,LEFT-UP,154.2266,68.6541
X-Z,47.0,RIGHT-UP,205.7734,291.3459
X-Z,47.5,RIGHT-DOWN,333.8954,69.4405
X-Z,47.5,LEFT-DOWN,26.1046,290.5595
X-Z,47.5,LEFT-UP,153.8954,69.4405
X-Z,47.5,RIGHT-UP,206.1046,290.5595
X-Z,48.0,RIGHT-DOWN,333.562,70.229
X-Z,48.0,LEFT-DOWN,26.438,289.771
X-Z,48.0,LEFT-UP,153.562,70.229
X-Z,48.0,RIGHT-UP,206.438,289.771
X-Z,48.5,RIGHT-DOWN,333.2263,71.0199
X-Z,48.5,LEFT-DOWN,26.7737,288.9801
X-Z,48.5,LEFT-UP,153.2263,71.0199
X-Z,48.5,RIGHT-UP,206.7737,288.9801
X-Z,49.0,RIGHT-DOWN,332.8883,71.8131
X-Z,49.0,LEFT-DOWN,27.1117,288.1869
X-Z,49.0,LEFT-UP,152.8883,71.8131
X-Z,49.0,RIGHT-UP,207.1117,288.1869
X-Z,49.5,RIGHT-DOWN,332.5479,72.6087
X-Z,49.5,LEFT-DOWN,27.4521,287.3913
X-Z,49.5,LEFT-UP,152.5479,72.6087
X-Z,49.5,RIGHT-UP,207.4521,287.3913
X-Z,50.0,RIGHT-DOWN,332.2051,73.4068
X-Z,50.0,LEFT-DOWN,27.7949,286.5932
X-Z,50.0,LEFT-UP,152.2051,73.4068
X-Z,50.0,RIGHT-UP,207.7949,286.5932
X-Z,50.5,RIGHT-DOWN,331.8598,74.2074
X-Z,50.5,LEFT-DOWN,28.1402,285.7926
X-Z,50.5,LEFT-UP,151.8598,74.2074
X-Z,50.5,RIGHT-UP,208.1402,285.7926
X-Z,51.0,RIGHT-DOWN,331.5119,75.0106
X-Z,51.0,LEFT-DOWN,28.4881,284.9894
X-Z,51.0,LEFT-UP,151.5119,75.0106
X-Z,51.0,RIGHT-UP,208.4881,284.9894
X-Z,51.5,RIGHT-DOWN,331.1615,75.8164
X-Z,51.5,LEFT-DOWN,28.8385,284.1836
X-Z,51.5,LEFT-UP,151.1615,75.8164
X-Z,51.5,RIGHT-UP,208.8385,284.1836
X-Z,52.0,RIGHT-DOWN,330.8083,76.625
X-Z,52.0,LEFT-DOWN,29.1917,283.375
X-Z,52.0,LEFT-UP,150.8083,76.625
X-Z,52.0,RIGHT-UP,209.1917,283.375
X-Z,52.5,RIGHT-DOWN,330.4525,77.4364
X-Z,52.5,LEFT-DOWN,29.5475,282.5636
X-Z,52.5,LEFT-UP,150.4525,77.4364
X-Z,52.5,RIGHT-UP,209.5475,282.5636
X-Z,53.0,RIGHT-DOWN,330.0938,78.2507
X-Z,53.0,LEFT-DOWN,29.9062,281.7493
X-Z,53.0,LEFT-UP,150.0938,78.2507
X-Z,53.0,RIGHT-UP,209.9062,281.7493
X-Z,53.5,RIGHT-DOWN,329.7323,79.0679
X-Z,53.5,LEFT-DOWN,30.2677,280.9321
X-Z,53.5,LEFT-UP,149.7323,79.0679
X-Z,53.5,RIGHT-UP,210.2677,280.9321
X-Z,54.0,RIGHT-DOWN,329.3678,79.8881
X-Z,54.0,LEFT-DOWN,30.6322,280.1119
X-Z,54.0,LEFT-UP,149.3678,79.8881
X-Z,54.0,RIGHT-UP,210.6322,280.1119
X-Z,54.5,RIGHT-DOWN,329.0003,80.7115
X-Z,54.5,LEFT-DOWN,30.9997,279.2885
X-Z,54.5,LEFT-UP,149.0003,80.7115
X-Z,54.5,RIGHT-UP,210.9997,279.2885
X-Z,55.0,RIGHT-DOWN,328.6297,81.538
X-Z,55.0,LEFT-DOWN,31.3703,278.462
X-Z,55.0,LEFT-UP,148.6297,81.538
X-Z,55.0,RIGHT-UP,211.3703,278.462
X-Z,55.5,RIGHT-DOWN,328.256,82.3679
X-Z,55.5,LEFT-DOWN,31.744,277.6321
X-Z,55.5,LEFT-UP,148.256,82.3679
X-Z,55.5,RIGHT-UP,211.744,277.6321
X-Z,56.0,RIGHT-DOWN,327.879,83.201
X-Z,56.0,LEFT-DOWN,32.121,276.799
X-Z,56.0,LEFT-UP,147.879,83.201
X-Z,56.0,RIGHT-UP,212.121,276.799
X-Z,56.5,RIGHT-DOWN,327.4987,84.0377
X-Z,56.5,LEFT-DOWN,32.5013,275.9623
X-Z,56.5,LEFT-UP,147.4987,84.0377
X-Z,56.5,RIGHT-UP,212.5013,275.9623
X-Z,57.0,RIGHT-DOWN,327.1149,84.8779
X-Z,57.0,LEFT-DOWN,32.8851,275.1221
X-Z,57.0,LEFT-UP,147.1149,84.8779
X-Z,57.0,RIGHT-UP,212.8851,275.1221
X-Z,57.5,RIGHT-DOWN,326.7277,85.7218
X-Z,57.5,LEFT-DOWN,33.2723,274.2782
X-Z,57.5,LEFT-UP,146.7277,85.7218
X-Z,57.5,RIGHT-UP,213.2723,274.2782
X-Z,58.0,RIGHT-DOWN,326.3369,86.5695
X-Z,58.0,LEFT-DOWN,33.6631,273.4305
X-Z,58.0,LEFT-UP,146.3369,86.5695
X-Z,58.0,RIGHT-UP,213.6631,273.4305
X-Z,58.5,RIGHT-DOWN,325.9423,87.421
X-Z,58.5,LEFT-DOWN,34.0577,272.579
X-Z,58.5,LEFT-UP,145.9423,87.421
X-Z,58.5,RIGHT-UP,214.0577,272.579
X-Z,59.0,RIGHT-DOWN,325.554,88.2765
X-Z,59.0,LEFT-DOWN,34.446,271.7235
X-Z,59.0,LEFT-UP,145.554,88.2765
X-Z,59.0,RIGHT-UP,214.446,271.7235
X-Z,59.5,RIGHT-DOWN,325.1418,89.1361
X-Z,59.5,LEFT-DOWN,34.8582,270.8639
X-Z,59.5,LEFT-UP,145.1418,89.1361
X-Z,59.5,RIGHT-UP,214.8582,270.8639
X-Z,60.0,RIGHT-DOWN,324.7356,90.0
X-Z,60.0,LEFT-DOWN,35.2644,270.0
X-Z,60.0,LEFT-UP,144.7356,90.0
X-Z,60.0,RIGHT-UP,215.2644,270.0
X-Z,60.5,RIGHT-DOWN,324.3253,90.8682
X-Z,60.5,LEFT-DOWN,35.6747,269.1318
X-Z,60.5,LEFT-UP,144.3253,90.8682
X-Z,60.5,RIGHT-UP,215.6747,269.1318
X-Z,61.0,RIGHT-DOWN,323.9107,91.741
X-Z,61.0,LEFT-DOWN,36.0893,268.259
X-Z,61.0,LEFT-UP,143.9107,91.741
X-Z,61.0,RIGHT-UP,216.0893,268.259
X-Z,61.5,RIGHT-DOWN,323.4918,92.6183
X-Z,61.5,LEFT-DOWN,36.5082,267.3817
X-Z,61.5,LEFT-UP,143.4918,92.6183
X-Z,61.5,RIGHT-UP,216.5082,267.3817
X-Z,62.0,RIGHT-DOWN,323.0684,93.5005
X-Z,62.0,LEFT-DOWN,36.9316,266.4995
X-Z,62.0,LEFT-UP,143.0684,93.5005
X-Z,62.0,RIGHT-UP,216.9316,266.4995
X-Z,62.5,RIGHT-DOWN,322.6404,94.3876
X-Z,62.5,LEFT-DOWN,37.3596,265.6124
X-Z,62.5,LEFT-UP,142.6404,94.3876
X-Z,62.5,RIGHT-UP,217.3596,265.6124
X-Z,63.0,RIGHT-DOWN,322.2077,95.2798
X-Z,63.0,LEFT-DOWN,37.7923,264.7202
X-Z,63.0,LEFT-UP,142.2077,95.2798
X-Z,63.0,RIGHT-UP,217.7923,264.7202
X-Z,63.5,RIGHT-DOWN,321.7701,96.1772
X-Z,63.5,LEFT-DOWN,38.2299,263.8228
X-Z,63.5,LEFT-UP,141.7701,96.1772
X-Z,63.5,RIGHT-UP,218.2299,263.8228
X-Z,64.0,RIGHT-DOWN,321.3274,97.0802
X-Z,64.0,LEFT-DOWN,38.6726,262.9198
X-Z,64.0,LEFT-UP,141.3274,97.0802
X-Z,64.0,RIGHT-UP,218.6726,262.9198
X-Z,64.5,RIGHT-DOWN,320.8795,97.9887
X-Z,64.5,LEFT-DOWN,39.1205,262.0113
X-Z,64.5,LEFT-UP,140.8795,97.9887
X-Z,64.5,RIGHT-UP,219.1205,262.0113
X-Z,65.0,RIGHT-DOWN,320.4263,98.9031
X-Z,65.0,LEFT-DOWN,39.5737,261.0969
X-Z,65.0,LEFT-UP,140.4263,98.9031
X-Z,65.0,RIGHT-UP,219.5737,261.0969
X-Z,65.5,RIGHT-DOWN,319.9675,99.8235
X-Z,65.5,LEFT-DOWN,40.0325,260.1765
X-Z,65.5,LEFT-UP,139.9675,99.8235
X-Z,65.5,RIGHT-UP,220.0325,260.1765
X-Z,66.0,RIGHT-DOWN,319.503,100.7502
X-Z,66.0,LEFT-DOWN,40.497,259.2498
X-Z,66.0,LEFT-UP,139.503,100.7502
X-Z,66.0,RIGHT-UP,220.497,259.2498
X-Z,66.5,RIGHT-DOWN,319.0327,101.6833
X-Z,66.5,LEFT-DOWN,40.9673,258.3167
X-Z,66.5,LEFT-UP,139.0327,101.6833
X-Z,66.5,RIGHT-UP,220.9673,258.3167
X-Z,67.0,RIGHT-DOWN,318.5562,102.6232
X-Z,67.0,LEFT-DOWN,41.4438,257.3768
X-Z,67.0,LEFT-UP,138.5562,102.6232
X-Z,67.0,RIGHT-UP,221.4438,257.3768
X-Z,67.5,RIGHT-DOWN,318.0734,103.57
X-Z,67.5,LEFT-DOWN,41.9266,256.43
X-Z,67.5,LEFT-UP,138.0734,103.57
X-Z,67.5,RIGHT-UP,221.9266,256.43
X-Z,68.0,RIGHT-DOWN,317.584,104.5241
X-Z,68.0,LEFT-DOWN,42.416,255.4759
X-Z,68.0,LEFT-UP,137.584,104.5241
X-Z,68.0,RIGHT-UP,222.416,255.4759
X-Z,68.5,RIGHT-DOWN,317.0879,105.4857
X-Z,68.5,LEFT-DOWN,42.9121,254.5143
X-Z,68.5,LEFT-UP,137.0879,105.4857
X-Z,68.5,RIGHT-UP,222.9121,254.5143
X-Z,69.0,RIGHT-DOWN,316.5847,106.4551
X-Z,69.0,LEFT-DOWN,43.4153,253.5449
X-Z,69.0,LEFT-UP,136.5847,106.4551
X-Z,69.0,RIGHT-UP,223.4153,253.5449
X-Z,69.5,RIGHT-DOWN,316.0743,107.4327
X-Z,69.5,LEFT-DOWN,43.9257,252.5673
X-Z,69.5,LEFT-UP,136.0743,107.4327
X-Z,69.5,RIGHT-UP,223.9257,252.5673
X-Z,70.0,RIGHT-DOWN,315.5563,108.4188
X-Z,70.0,LEFT-DOWN,44.4437,251.5812
X-Z,70.0,LEFT-UP,135.5563,108.4188
X-Z,70.0,RIGHT-UP,224.4437,251.5812
X-Z,70.5,RIGHT-DOWN,315.0305,109.4137
X-Z,70.5,LEFT-DOWN,44.9695,250.5863
X-Z,70.5,LEFT-UP,135.0305,109.4137
X-Z,70.5,RIGHT-UP,224.9695,250.5863
X-Z,71.0,RIGHT-DOWN,314.4965,110.4178
X-Z,71.0,LEFT-DOWN,45.5035,249.5822
X-Z,71.0,LEFT-UP,134.4965,110.4178
X-Z,71.0,RIGHT-UP,225.5035,249.5822
X-Z,71.5,RIGHT-DOWN,313.954,111.4316
X-Z,71.5,LEFT-DOWN,46.046,248.5684
X-Z,71.5,LEFT-UP,133.954,111.4316
X-Z,71.5,RIGHT-UP,226.046,248.5684
X-Z,72.0,RIGHT-DOWN,313.4027,112.4555
X-Z,72.0,LEFT-DOWN,46.5973,247.5445
X-Z,72.0,LEFT-UP,133.4027,112.4555
X-Z,72.0,RIGHT-UP,226.5973,247.5445
X-Z,72.5,RIGHT-DOWN,312.8421,113.49
X-Z,72.5,LEFT-DOWN,47.1579,246.51
X-Z,72.5,LEFT-UP,132.8421,113.49
X-Z,72.5,RIGHT-UP,227.1579,246.51
X-Z,73.0,RIGHT-DOWN,312.2719,114.5355
X-Z,73.0,LEFT-DOWN,47.7281,245.4645
X-Z,73.0,LEFT-UP,132.2719,114.5355
X-Z,73.0,RIGHT-UP,227.7281,245.4645
X-Z,73.5,RIGHT-DOWN,311.6916,115.5926
X-Z,73.5,LEFT-DOWN,48.3084,244.4074
X-Z,73.5,LEFT-UP,131.6916,115.5926
X-Z,73.5,RIGHT-UP,228.3084,244.4074
X-Z,74.0,RIGHT-DOWN,311.1008,116.6619
X-Z,74.0,LEFT-DOWN,48.8992,243.3381
X-Z,74.0,LEFT-UP,131.1008,116.6619
X-Z,74.0,RIGHT-UP,228.8992,243.3381
X-Z,74.5,RIGHT-DOWN,310.499,117.7441
X-Z,74.5,LEFT-DOWN,49.501,242.2559
X-Z,74.5,LEFT-UP,130.499,117.7441
X-Z,74.5,RIGHT-UP,229.501,242.2559
X-Z,75.0,RIGHT-DOWN,309.8855,118.8398
X-Z,75.0,LEFT-DOWN,50.1145,241.1602
X-Z,75.0,LEFT-UP,129.8855,118.8398
X-Z,75.0,RIGHT-UP,230.1145,241.1602
X-Z,75.5,RIGHT-DOWN,309.26,119.9497
X-Z,75.5,LEFT-DOWN,50.74,240.0503
X-Z,75.5,LEFT-UP,129.26,119.9497
X-Z,75.5,RIGHT-UP,230.74,240.0503
X-Z,76.0,RIGHT-DOWN,308.6216,121.0748
X-Z,76.0,LEFT-DOWN,51.3784,238.9252
X-Z,76.0,LEFT-UP,128.6216,121.0748
X-Z,76.0,RIGHT-UP,231.3784,238.9252
X-Z,76.5,RIGHT-DOWN,307.9697,122.2158
X-Z,76.5,LEFT-DOWN,52.0303,237.7842
X-Z,76.5,LEFT-UP,127.9697,122.2158
X-Z,76.5,RIGHT-UP,232.0303,237.7842
X-Z,77.0,RIGHT-DOWN,307.3036,123.3737
X-Z,77.0,LEFT-DOWN,52.6964,236.6263
X-Z,77.0,LEFT-UP,127.3036,123.3737
X-Z,77.0,RIGHT-UP,232.6964,236.6263
X-Z,77.5,RIGHT-DOWN,306.6223,124.5497
X-Z,77.5,LEFT-DOWN,53.3777,235.4503
X-Z,77.5,LEFT-UP,126.6223,124.5497
X-Z,77.5,RIGHT-UP,233.3777,235.4503
X-Z,78.0,RIGHT-DOWN,305.9252,125.7448
X-Z,78.0,LEFT-DOWN,54.0748,234.2552
X-Z,78.0,LEFT-UP,125.9252,125.7448
X-Z,78.0,RIGHT-UP,234.0748,234.2552
X-Z,78.5,RIGHT-DOWN,305.211,126.9605
X-Z,78.5,LEFT-DOWN,54.789,233.0395
X-Z,78.5,LEFT-UP,125.211,126.9605
X-Z,78.5,RIGHT-UP,234.789,233.0395
X-Z,79.0,RIGHT-DOWN,304.4787,128.1981
X-Z,79.0,LEFT-DOWN,55.5213,231.8019
X-Z,79.0,LEFT-UP,124.4787,128.1981
X-Z,79.0,RIGHT-UP,235.5213,231.8019
X-Z,79.5,RIGHT-DOWN,303.7271,129.4592
X-Z,79.5,LEFT-DOWN,56.2729,230.5408
X-Z,79.5,LEFT-UP,123.7271,129.4592
X-Z,79.5,RIGHT-UP,236.2729,230.5408
X-Z,80.0,RIGHT-DOWN,302.9548,130.7458
X-Z,80.0,LEFT-DOWN,57.0452,229.2542
X-Z,80.0,LEFT-UP,122.9548,130.7458
X-Z,80.0,RIGHT-UP,237.0452,229.2542
X-Z,80.5,RIGHT-DOWN,302.1603,132.0597
X-Z,80.5,LEFT-DOWN,57.8397,227.9403
X-Z,80.5,LEFT-UP,122.1603,132.0597
X-Z,80.5,RIGHT-UP,237.8397,227.9403
X-Z,81.0,RIGHT-DOWN,301.3417,133.4034
X-Z,81.0,LEFT-DOWN,58.6583,226.5966
X-Z,81.0,LEFT-UP,121.3417,133.4034
X-Z,81.0,RIGHT-UP,238.6583,226.5966
X-Z,81.5,RIGHT-DOWN,300.4971,134.7796
X-Z,81.5,LEFT-DOWN,59.5029,225.2204
X-Z,81.5,LEFT-UP,120.4971,134.7796
X-Z,81.5,RIGHT-UP,239.5029,225.2204
X-Z,82.0,RIGHT-DOWN,299.6241,136.1912
X-Z,82.0,LEFT-DOWN,60.3759,223.8088
X-Z,82.0,LEFT-UP,119.6241,136.1912
X-Z,82.0,RIGHT-UP,240.3759,223.8088
X-Z,82.5,RIGHT-DOWN,298.7202,137.6418
X-Z,82.5,LEFT-DOWN,61.2798,222.3582
X-Z,82.5,LEFT-UP,118.7202,137.6418
X-Z,82.5,RIGHT-UP,241.2798,222.3582
X-Z,83.0,RIGHT-DOWN,297.7823,139.1357
X-Z,83.0,LEFT-DOWN,62.2177,220.8643
X-Z,83.0,LEFT-UP,117.7823,139.1357
X-Z,83.0,RIGHT-UP,242.2177,220.8643
X-Z,83.5,RIGHT-DOWN,296.8066,140.6777
X-Z,83.5,LEFT-DOWN,63.1934,219.3223
X-Z,83.5,LEFT-UP,116.8066,140.6777
X-Z,83.5,RIGHT-UP,243.1934,219.3223
X-Z,84.0,RIGHT-DOWN,295.7888,142.2737
X-Z,84.0,LEFT-DOWN,64.2112,217.7263
X-Z,84.0,LEFT-UP,115.7888,142.2737
X-Z,84.0,RIGHT-UP,244.2112,217.7263
X-Z,84.5,RIGHT-DOWN,294.7236,143.931
X-Z,84.5,LEFT-DOWN,65.2764,216.069
X-Z,84.5,LEFT-UP,114.7236,143.931
X-Z,84.5,RIGHT-UP,245.2764,216.069
X-Z,85.0,RIGHT-DOWN,293.6045,145.6584
X-Z,85.0,LEFT-DOWN,66.3955,214.3416
X-Z,85.0,LEFT-UP,113.6045,145.6584
X-Z,85.0,RIGHT-UP,246.3955,214.3416
X-Z,85.5,RIGHT-DOWN,292.4234,147.467
X-Z,85.5,LEFT-DOWN,67.5766,212.533
X-Z,85.5,LEFT-UP,112.4234,147.467
X-Z,85.5,RIGHT-UP,247.5766,212.533
X-Z,86.0,RIGHT-DOWN,291.1697,149.3713
X-Z,86.0,LEFT-DOWN,68.8303,210.6287
X-Z,86.0,LEFT-UP,111.1697,149.3713
X-Z,86.0,RIGHT-UP,248.8303,210.6287
X-Z,86.5,RIGHT-DOWN,289.8295,151.3904
X-Z,86.5,LEFT-DOWN,70.1705,208.6096
X-Z,86.5,LEFT-UP,109.8295,151.3904
X-Z,86.5,RIGHT-UP,250.1705,208.6096
X-Z,87.0,RIGHT-DOWN,288.3839,153.5506
X-Z,87.0,LEFT-DOWN,71.6161,206.4494
X-Z,87.0,LEFT-UP,108.3839,153.5506
X-Z,87.0,RIGHT-UP,251.6161,206.4494
X-Z,87.5,RIGHT-DOWN,286.8055,155.8898
X-Z,87.5,LEFT-DOWN,73.1945,204.1102
X-Z,87.5,LEFT-UP,106.8055,155.8898
X-Z,87.5,RIGHT-UP,253.1945,204.1102
X-Z,88.0,RIGHT-DOWN,285.0524,158.4662
X-Z,88.0,LEFT-DOWN,74.9476,201.5338
X-Z,88.0,LEFT-UP,105.0524,158.4662
X-Z,88.0,RIGHT-UP,254.9476,201.5338
X-Z,88.5,RIGHT-DOWN,283.0542,161.378
X-Z,88.5,LEFT-DOWN,76.9458,198.622
X-Z,88.5,LEFT-UP,103.0542,161.378
X-Z,88.5,RIGHT-UP,256.9458,198.622
X-Z,89.0,RIGHT-DOWN,280.6739,164.8172
X-Z,89.0,LEFT-DOWN,79.3261,195.1828
X-Z,89.0,LEFT-UP,100.6739,164.8172
X-Z,89.0,RIGHT-UP,259.3261,195.1828
X-Z,89.5,RIGHT-DOWN,277.5584,169.2797
X-Z,89.5,LEFT-DOWN,82.4416,190.7203
X-Z,89.5,LEFT-UP,97.5584,169.2797
X-Z,89.5,RIGHT-UP,262.4416,190.7203
X-Z,90.0,RIGHT-DOWN,270.0,180.0
X-Z,90.0,LEFT-DOWN,90.0,180.0
X-Z,90.0,LEFT-UP,90.0,180.0
X-Z,90.0,RIGHT-UP,270.0,180.0
Y-Z,0.0,LEFT-DOWN,0.0,0.0
Y-Z,0.0,RIGHT-DOWN,0.0,0.0
Y-Z,0.0,RIGHT-UP,180.0,0.0
Y-Z,0.0,LEFT-UP,180.0,0.0
Y-Z,0.5,LEFT-DOWN,89.75,0.7071
Y-Z,0.5,RIGHT-DOWN,270.25,359.2929
Y-Z,0.5,RIGHT-UP,269.75,0.7071
Y-Z,0.5,LEFT-UP,90.25,359.2929
Y-Z,1.0,LEFT-DOWN,89.5,1.4142
Y-Z,1.0,RIGHT-DOWN,270.5,358.5858
Y-Z,1.0,RIGHT-UP,269.5,1.4142
Y-Z,1.0,LEFT-UP,90.5,358.5858
Y-Z,1.5,LEFT-DOWN,89.2499,2.1214
Y-Z,1.5,RIGHT-DOWN,270.7501,357.8786
Y-Z,1.5,RIGHT-UP,269.2499,2.1214
Y-Z,1.5,LEFT-UP,90.7501,357.8786
Y-Z,2.0,LEFT-DOWN,88.9998,2.8286
Y-Z,2.0,RIGHT-DOWN,271.0002,357.1714
Y-Z,2.0,RIGHT-UP,268.9998,2.8286
Y-Z,2.0,LEFT-UP,91.0002,357.1714
Y-Z,2.5,LEFT-DOWN,88.7497,3.5358
Y-Z,2.5,RIGHT-DOWN,271.2503,356.4642
Y-Z,2.5,RIGHT-UP,268.7497,3.5358
Y-Z,2.5,LEFT-UP,91.2503,356.4642
Y-Z,3.0,LEFT-DOWN,88.4995,4.2431
Y-Z,3.0,RIGHT-DOWN,271.5005,355.7569
Y-Z,3.0,RIGHT-UP,268.4995,4.2431
Y-Z,3.0,LEFT-UP,91.5005,355.7569
Y-Z,3.5,LEFT-DOWN,88.2492,4.9505
Y-Z,3.5,RIGHT-DOWN,271.7508,355.0495
Y-Z,3.5,RIGHT-UP,268.2492,4.9505
Y-Z,3.5,LEFT-UP,91.7508,355.0495
Y-Z,4.0,LEFT-DOWN,87.9988,5.658
Y-Z,4.0,RIGHT-DOWN,272.0012,354.342
Y-Z,4.0,RIGHT-UP,267.9988,5.658
Y-Z,4.0,LEFT-UP,92.0012,354.342
Y-Z,4.5,LEFT-DOWN,87.7483,6.3656
Y-Z,4.5,RIGHT-DOWN,272.2517,353.6344
Y-Z,4.5,RIGHT-UP,267.7483,6.3656
Y-Z,4.5,LEFT-UP,92.2517,353.6344
Y-Z,5.0,LEFT-DOWN,87.4976,7.0733
Y-Z,5.0,RIGHT-DOWN,272.5024,352.9267
Y-Z,5.0,RIGHT-UP,267.4976,7.0733
Y-Z,5.0,LEFT-UP,92.5024,352.9267
Y-Z,5.5,LEFT-DOWN,87.2468,7.7812
Y-Z,5.5,RIGHT-DOWN,272.7532,352.2188
Y-Z,5.5,RIGHT-UP,267.2468,7.7812
Y-Z,5.5,LEFT-UP,92.7532,352.2188
Y-Z,6.0,LEFT-DOWN,86.9959,8.4892
Y-Z,6.0,RIGHT-DOWN,273.0041,351.5108
Y-Z,6.0,RIGHT-UP,266.9959,8.4892
Y-Z,6.0,LEFT-UP,93.0041,351.5108
Y-Z,6.5,LEFT-DOWN,86.7448,9.1973
Y-Z,6.5,RIGHT-DOWN,273.2552,350.8027
Y-Z,6.5,RIGHT-UP,266.7448,9.1973
Y-Z,6.5,LEFT-UP,93.2552,350.8027
Y-Z,7.0,LEFT-DOWN,86.4935,9.9057
Y-Z,7.0,RIGHT-DOWN,273.5065,350.0943
Y-Z,7.0,RIGHT-UP,266.4935,9.9057
Y-Z,7.0,LEFT-UP,93.5065,350.0943
Y-Z,7.5,LEFT-DOWN,86.2419,10.6142
Y-Z,7.5,RIGHT-DOWN,273.7581,349.3858
Y-Z,7.5,RIGHT-UP,266.2419,10.6142
Y-Z,7.5,LEFT-UP,93.7581,349.3858
Y-Z,8.0,LEFT-DOWN,85.9902,11.3229
Y-Z,8.0,RIGHT-DOWN,274.0098,348.6771
Y-Z,8.0,RIGHT-UP,265.9902,11.3229
Y-Z,8.0,LEFT-UP,94.0098,348.6771
Y-Z,8.5,LEFT-DOWN,85.7383,12.0319
Y-Z,8.5,RIGHT-DOWN,274.2617,347.9681
Y-Z,8.5,RIGHT-UP,265.7383,12.0319
Y-Z,8.5,LEFT-UP,94.2617,347.9681
Y-Z,9.0,LEFT-DOWN,85.4861,12.7411
Y-Z,9.0,RIGHT-DOWN,274.5139,347.2589
Y-Z,9.0,RIGHT-UP,265.4861,12.7411
Y-Z,9.0,LEFT-UP,94.5139,347.2589
Y-Z,9.5,LEFT-DOWN,85.2336,13.4505
Y-Z,9.5,RIGHT-DOWN,274.7664,346.5495
Y-Z,9.5,RIGHT-UP,265.2336,13.4505
Y-Z,9.5,LEFT-UP,94.7664,346.5495
Y-Z,10.0,LEFT-DOWN,84.9809,14.1602
Y-Z,10.0,RIGHT-DOWN,275.0191,345.8398
Y-Z,10.0,RIGHT-UP,264.9809,14.1602
Y-Z,10.0,LEFT-UP,95.0191,345.8398
Y-Z,10.5,LEFT-DOWN,84.7278,14.8702
Y-Z,10.5,RIGHT-DOWN,275.2722,345.1298
Y-Z,10.5,RIGHT-UP,264.7278,14.8702
Y-Z,10.5,LEFT-UP,95.2722,345.1298
Y-Z,11.0,LEFT-DOWN,84.4745,15.5804
Y-Z,11.0,RIGHT-DOWN,275.5255,344.4196
Y-Z,11.0,RIGHT-UP,264.4745,15.5804
Y-Z,11.0,LEFT-UP,95.5255,344.4196
Y-Z,11.5,LEFT-DOWN,84.2208,16.291
Y-Z,11.5,RIGHT-DOWN,275.7792,343.709
Y-Z,11.5,RIGHT-UP,264.2208,16.291
Y-Z,11.5,LEFT-UP,95.7792,343.709
Y-Z,12.0,LEFT-DOWN,83.9668,17.0019
Y-Z,12.0,RIGHT-DOWN,276.0332,342.9981
Y-Z,12.0,RIGHT-UP,263.9668,17.0019
Y-Z,12.0,LEFT-UP,96.0332,342.9981
Y-Z,12.5,LEFT-DOWN,83.7125,17.7131
Y-Z,12.5,RIGHT-DOWN,276.2875,342.2869
Y-Z,12.5,RIGHT-UP,263.7125,17.7131
Y-Z,12.5,LEFT-UP,96.2875,342.2869
Y-Z,13.0,LEFT-DOWN,83.4578,18.4246
Y-Z,13.0,RIGHT-DOWN,276.5422,341.5754
Y-Z,13.0,RIGHT-UP,263.4578,18.4246
Y-Z,13.0,LEFT-UP,96.5422,341.5754
Y-Z,13.5,LEFT-DOWN,83.2027,19.1366
Y-Z,13.5,RIGHT-DOWN,276.7973,340.8634
Y-Z,13.5,RIGHT-UP,263.2027,19.1366
Y-Z,13.5,LEFT-UP,96.7973,340.8634
Y-Z,14.0,LEFT-DOWN,82.9472,19.8489
Y-Z,14.0,RIGHT-DOWN,277.0528,340.1511
Y-Z,14.0,RIGHT-UP,262.9472,19.8489
Y-Z,14.0,LEFT-UP,97.0528,340.1511
Y-Z,14.5,LEFT-DOWN,82.6913,20.5616
Y-Z,14.5,RIGHT-DOWN,277.3087,339.4384
Y-Z,14.5,RIGHT-UP,262.6913,20.5616
Y-Z,14.5,LEFT-UP,97.3087,339.4384
Y-Z,15.0,LEFT-DOWN,82.4349,21.2747
Y-Z,15.0,RIGHT-DOWN,277.5651,338.7253
Y-Z,15.0,RIGHT-UP,262.4349,21.2747
Y-Z,15.0,LEFT-UP,97.5651,338.7253
Y-Z,15.5,LEFT-DOWN,82.1781,21.9882
Y-Z,15.5,RIGHT-DOWN,277.8219,338.0118
Y-Z,15.5,RIGHT-UP,262.1781,21.9882
Y-Z,15.5,LEFT-UP,97.8219,338.0118
Y-Z,16.0,LEFT-DOWN,81.9209,22.7022
Y-Z,16.0,RIGHT-DOWN,278.0791,337.2978
Y-Z,16.0,RIGHT-UP,261.9209,22.7022
Y-Z,16.0,LEFT-UP,98.0791,337.2978
Y-Z,16.5,LEFT-DOWN,81.6631,23.4166
Y-Z,16.5,RIGHT-DOWN,278.3369,336.5834
Y-Z,16.5,RIGHT-UP,261.6631,23.4166
Y-Z,16.5,LEFT-UP,98.3369,336.5834
Y-Z,17.0,LEFT-DOWN,81.4049,24.1315
Y-Z,17.0,RIGHT-DOWN,278.5951,335.8685
Y-Z,17.0,RIGHT-UP,261.4049,24.1315
Y-Z,17.0,LEFT-UP,98.5951,335.8685
Y-Z,17.5,LEFT-DOWN,81.1461,24.8469
Y-Z,17.5,RIGHT-DOWN,278.8539,335.1531
Y-Z,17.5,RIGHT-UP,261.1461,24.8469
Y-Z,17.5,LEFT-UP,98.8539,335.1531
Y-Z,18.0,LEFT-DOWN,80.8869,25.5628
Y-Z,18.0,RIGHT-DOWN,279.1131,334.4372
Y-Z,18.0,RIGHT-UP,260.8869,25.5628
Y-Z,18.0,LEFT-UP,99.1131,334.4372
Y-Z,18.5,LEFT-DOWN,80.627,26.2792
Y-Z,18.5,RIGHT-DOWN,279.373,333.7208
Y-Z,18.5,RIGHT-UP,260.627,26.2792
Y-Z,18.5,LEFT-UP,99.373,333.7208
Y-Z,19.0,LEFT-DOWN,80.3667,26.9961
Y-Z,19.0,RIGHT-DOWN,279.6333,333.0039
Y-Z,19.0,RIGHT-UP,260.3667,26.9961
Y-Z,19.0,LEFT-UP,99.6333,333.0039
Y-Z,19.5,LEFT-DOWN,80.1057,27.7136
Y-Z,19.5,RIGHT-DOWN,279.8943,332.2864
Y-Z,19.5,RIGHT-UP,260.1057,27.7136
Y-Z,19.5,LEFT-UP,99.8943,332.2864
Y-Z,20.0,LEFT-DOWN,79.8441,28.4317
Y-Z,20.0,RIGHT-DOWN,280.1559,331.5683
Y-Z,20.0,RIGHT-UP,259.8441,28.4317
Y-Z,20.0,LEFT-UP,100.1559,331.5683
Y-Z,20.5,LEFT-DOWN,79.5819,29.1504
Y-Z,20.5,RIGHT-DOWN,280.4181,330.8496
Y-Z,20.5,RIGHT-UP,259.5819,29.1504
Y-Z,20.5,LEFT-UP,100.4181,330.8496
Y-Z,21.0,LEFT-DOWN,79.3191,29.8696
Y-Z,21.0,RIGHT-DOWN,280.6809,330.1304
Y-Z,21.0,RIGHT-UP,259.3191,29.8696
Y-Z,21.0,LEFT-UP,100.6809,330.1304
Y-Z,21.5,LEFT-DOWN,79.0556,30.5895
Y-Z,21.5,RIGHT-DOWN,280.9444,329.4105
Y-Z,21.5,RIGHT-UP,259.0556,30.5895
Y-Z,21.5,LEFT-UP,100.9444,329.4105
Y-Z,22.0,LEFT-DOWN,78.7915,31.31
Y-Z,22.0,RIGHT-DOWN,281.2085,328.69
Y-Z,22.0,RIGHT-UP,258.7915,31.31
Y-Z,22.0,LEFT-UP,101.2085,328.69
Y-Z,22.5,LEFT-DOWN,78.5266,32.0312
Y-Z,22.5,RIGHT-DOWN,281.4734,327.9688
Y-Z,22.5,RIGHT-UP,258.5266,32.0312
Y-Z,22.5,LEFT-UP,101.4734,327.9688
Y-Z,23.0,LEFT-DOWN,78.2611,32.7531
Y-Z,23.0,RIGHT-DOWN,281.7389,327.2469
Y-Z,23.0,RIGHT-UP,258.2611,32.7531
Y-Z,23.0,LEFT-UP,101.7389,327.2469
Y-Z,23.5,LEFT-DOWN,77.9948,33.4757
Y-Z,23.5,RIGHT-DOWN,282.0052,326.5243
Y-Z,23.5,RIGHT-UP,257.9948,33.4757
Y-Z,23.5,LEFT-UP,102.0052,326.5243
Y-Z,24.0,LEFT-DOWN,77.7278,34.1989
Y-Z,24.0,RIGHT-DOWN,282.2722,325.8011
Y-Z,24.0,RIGHT-UP,257.7278,34.1989
Y-Z,24.0,LEFT-UP,102.2722,325.8011
Y-Z,24.5,LEFT-DOWN,77.46,34.923
Y-Z,24.5,RIGHT-DOWN,282.54,325.077
Y-Z,24.5,RIGHT-UP,257.46,34.923
Y-Z,24.5,LEFT-UP,102.54,325.077
Y-Z,25.0,LEFT-DOWN,77.1914,35.6477
Y-Z,25.0,RIGHT-DOWN,282.8086,324.3523
Y-Z,25.0,RIGHT-UP,257.1914,35.6477
Y-Z,25.0,LEFT-UP,102.8086,324.3523
Y-Z,25.5,LEFT-DOWN,76.922,36.3733
Y-Z,25.5,RIGHT-DOWN,283.078,323.6267
Y-Z,25.5,RIGHT-UP,256.922,36.3733
Y-Z,25.5,LEFT-UP,103.078,323.6267
Y-Z,26.0,LEFT-DOWN,76.6518,37.0996
Y-Z,26.0,RIGHT-DOWN,283.3482,322.9004
Y-Z,26.0,RIGHT-UP,256.6518,37.0996
Y-Z,26.0,LEFT-UP,103.3482,322.9004
Y-Z,26.5,LEFT-DOWN,76.3807,37.8268
Y-Z,26.5,RIGHT-DOWN,283.6193,322.1732
Y-Z,26.5,RIGHT-UP,256.3807,37.8268
Y-Z,26.5,LEFT-UP,103.6193,322.1732
Y-Z,27.0,LEFT-DOWN,76.1088,38.5547
Y-Z,27.0,RIGHT-DOWN,283.8912,321.4453
Y-Z,27.0,RIGHT-UP,256.1088,38.5547
Y-Z,27.0,LEFT-UP,103.8912,321.4453
Y-Z,27.5,LEFT-DOWN,75.836,39.2836
Y-Z,27.5,RIGHT-DOWN,284.164,320.7164
Y-Z,27.5,RIGHT-UP,255.836,39.2836
Y-Z,27.5,LEFT-UP,104.164,320.7164
Y-Z,28.0,LEFT-DOWN,75.5622,40.0133
Y-Z,28.0,RIGHT-DOWN,284.4378,319.9867
Y-Z,28.0,RIGHT-UP,255.5622,40.0133
Y-Z,28.0,LEFT-UP,104.4378,319.9867
Y-Z,28.5,LEFT-DOWN,75.2876,40.7439
Y-Z,28.5,RIGHT-DOWN,284.7124,319.2561
Y-Z,28.5,RIGHT-UP,255.2876,40.7439
Y-Z,28.5,LEFT-UP,104.7124,319.2561
Y-Z,29.0,LEFT-DOWN,75.0119,41.4755
Y-Z,29.0,RIGHT-DOWN,284.9881,318.5245
Y-Z,29.0,RIGHT-UP,255.0119,41.4755
Y-Z,29.0,LEFT-UP,104.9881,318.5245
Y-Z,29.5,LEFT-DOWN,74.7353,42.2079
Y-Z,29.5,RIGHT-DOWN,285.2647,317.7921
Y-Z,29.5,RIGHT-UP,254.7353,42.2079
Y-Z,29.5,LEFT-UP,105.2647,317.7921
Y-Z,30.0,LEFT-DOWN,74.4577,42.9414
Y-Z,30.0,RIGHT-DOWN,285.5423,317.0586
Y-Z,30.0,RIGHT-UP,254.4577,42.9414
Y-Z,30.0,LEFT-UP,105.5423,317.0586
Y-Z,30.5,LEFT-DOWN,74.1791,43.6758
Y-Z,30.5,RIGHT-DOWN,285.8209,316.3242
Y-Z,30.5,RIGHT-UP,254.1791,43.6758
Y-Z,30.5,LEFT-UP,105.8209,316.3242
Y-Z,31.0,LEFT-DOWN,73.8994,44.4113
Y-Z,31.0,RIGHT-DOWN,286.1006,315.5887
Y-Z,31.0,RIGHT-UP,253.8994,44.4113
Y-Z,31.0,LEFT-UP,106.1006,315.5887
Y-Z,31.5,LEFT-DOWN,73.6187,45.1478
Y-Z,31.5,RIGHT-DOWN,286.3813,314.8522
Y-Z,31.5,RIGHT-UP,253.6187,45.1478
Y-Z,31.5,LEFT-UP,106.3813,314.8522
Y-Z,32.0,LEFT-DOWN,73.3368,45.8854
Y-Z,32.0,RIGHT-DOWN,286.6632,314.1146
Y-Z,32.0,RIGHT-UP,253.3368,45.8854
Y-Z,32.0,LEFT-UP,106.6632,314.1146
Y-Z,32.5,LEFT-DOWN,73.0538,46.624
Y-Z,32.5,RIGHT-DOWN,286.9462,313.376
Y-Z,32.5,RIGHT-UP,253.0538,46.624
Y-Z,32.5,LEFT-UP,106.9462,313.376
Y-Z,33.0,LEFT-DOWN,72.7697,47.3638
Y-Z,33.0,RIGHT-DOWN,287.2303,312.6362
Y-Z,33.0,RIGHT-UP,252.7697,47.3638
Y-Z,33.0,LEFT-UP,107.2303,312.6362
Y-Z,33.5,LEFT-DOWN,72.4844,48.1047
Y-Z,33.5,RIGHT-DOWN,287.5156,311.8953
Y-Z,33.5,RIGHT-UP,252.4844,48.1047
Y-Z,33.5,LEFT-UP,107.5156,311.8953
Y-Z,34.0,LEFT-DOWN,72.1979,48.8468
Y-Z,34.0,RIGHT-DOWN,287.8021,311.1532
Y-Z,34.0,RIGHT-UP,252.1979,48.8468
Y-Z,34.0,LEFT-UP,107.8021,311.1532
Y-Z,34.5,LEFT-DOWN,71.9101,49.59
Y-Z,34.5,RIGHT-DOWN,288.0899,310.41
Y-Z,34.5,RIGHT-UP,251.9101,49.59
Y-Z,34.5,LEFT-UP,108.0899,310.41
Y-Z,35.0,LEFT-DOWN,71.6211,50.3345
Y-Z,35.0,RIGHT-DOWN,288.3789,309.6655
Y-Z,35.0,RIGHT-UP,251.6211,50.3345
Y-Z,35.0,LEFT-UP,108.3789,309.6655
Y-Z,35.5,LEFT-DOWN,71.3309,51.0803
Y-Z,35.5,RIGHT-DOWN,288.6691,308.9197
Y-Z,35.5,RIGHT-UP,251.3309,51.0803
Y-Z,35.5,LEFT-UP,108.6691,308.9197
Y-Z,36.0,LEFT-DOWN,71.0393,51.8273
Y-Z,36.0,RIGHT-DOWN,288.9607,308.1727
Y-Z,36.0,RIGHT-UP,251.0393,51.8273
Y-Z,36.0,LEFT-UP,108.9607,308.1727
Y-Z,36.5,LEFT-DOWN,70.7464,52.5756
Y-Z,36.5,RIGHT-DOWN,289.2536,307.4244
Y-Z,36.5,RIGHT-UP,250.7464,52.5756
Y-Z,36.5,LEFT-UP,109.2536,307.4244
Y-Z,37.0,LEFT-DOWN,70.4521,53.3253
Y-Z,37.0,RIGHT-DOWN,289.5479,306.6747
Y-Z,37.0,RIGHT-UP,250.4521,53.3253
Y-Z,37.0,LEFT-UP,109.5479,306.6747
Y-Z,37.5,LEFT-DOWN,70.1564,54.0763
Y-Z,37.5,RIGHT-DOWN,289.8436,305.9237
Y-Z,37.5,RIGHT-UP,250.1564,54.0763
Y-Z,37.5,LEFT-UP,109.8436,305.9237
Y-Z,38.0,LEFT-DOWN,69.8592,54.8288
Y-Z,38.0,RIGHT-DOWN,290.1408,305.1712
Y-Z,38.0,RIGHT-UP,249.8592,54.8288
Y-Z,38.0,LEFT-UP,110.1408,305.1712
Y-Z,38.5,LEFT-DOWN,69.5607,55.5827
Y-Z,38.5,RIGHT-DOWN,290.4393,304.4173
Y-Z,38.5,RIGHT-UP,249.5607,55.5827
Y-Z,38.5,LEFT-UP,110.4393,304.4173
Y-Z,39.0,LEFT-DOWN,69.2606,56.338
Y-Z,39.0,RIGHT-DOWN,290.7394,303.662
Y-Z,39.0,RIGHT-UP,249.2606,56.338
Y-Z,39.0,LEFT-UP,110.7394,303.662
Y-Z,39.5,LEFT-DOWN,68.959,57.0949
Y-Z,39.5,RIGHT-DOWN,291.041,302.9051
Y-Z,39.5,RIGHT-UP,248.959,57.0949
Y-Z,39.5,LEFT-UP,111.041,302.9051
Y-Z,40.0,LEFT-DOWN,68.6558,57.8533
Y-Z,40.0,RIGHT-DOWN,291.3442,302.1467
Y-Z,40.0,RIGHT-UP,248.6558,57.8533
Y-Z,40.0,LEFT-UP,111.3442,302.1467
Y-Z,40.5,LEFT-DOWN,68.351,58.6133
Y-Z,40.5,RIGHT-DOWN,291.649,301.3867
Y-Z,40.5,RIGHT-UP,248.351,58.6133
Y-Z,40.5,LEFT-UP,111.649,301.3867
Y-Z,41.0,LEFT-DOWN,68.0446,59.3749
Y-Z,41.0,RIGHT-DOWN,291.9554,300.6251
Y-Z,41.0,RIGHT-UP,248.0446,59.3749
Y-Z,41.0,LEFT-UP,111.9554,300.6251
Y-Z,41.5,LEFT-DOWN,67.7365,60.1381
Y-Z,41.5,RIGHT-DOWN,292.2635,299.8619
Y-Z,41.5,RIGHT-UP,247.7365,60.1381
Y-Z,41.5,LEFT-UP,112.2635,299.8619
Y-Z,42.0,LEFT-DOWN,67.4268,60.903
Y-Z,42.0,RIGHT-DOWN,292.5732,299.097
Y-Z,42.0,RIGHT-UP,247.4268,60.903
Y-Z,42.0,LEFT-UP,112.5732,299.097
Y-Z,42.5,LEFT-DOWN,67.1153,61.6696
Y-Z,42.5,RIGHT-DOWN,292.8847,298.3304
Y-Z,42.5,RIGHT-UP,247.1153,61.6696
Y-Z,42.5,LEFT-UP,112.8847,298.3304
Y-Z,43.0,LEFT-DOWN,66.802,62.4381
Y-Z,43.0,RIGHT-DOWN,293.198,297.5619
Y-Z,43.0,RIGHT-UP,246.802,62.4381
Y-Z,43.0,LEFT-UP,113.198,297.5619
Y-Z,43.5,LEFT-DOWN,66.4868,63.2083
Y-Z,43.5,RIGHT-DOWN,293.5132,296.7917
Y-Z,43.5,RIGHT-UP,246.4868,63.2083
Y-Z,43.5,LEFT-UP,113.5132,296.7917
Y-Z,44.0,LEFT-DOWN,66.1699,63.9803
Y-Z,44.0,RIGHT-DOWN,293.8301,296.0197
Y-Z,44.0,RIGHT-UP,246.1699,63.9803
Y-Z,44.0,LEFT-UP,113.8301,296.0197
Y-Z,44.5,LEFT-DOWN,65.851,64.7543
Y-Z,44.5,RIGHT-DOWN,294.149,295.2457
Y-Z,44.5,RIGHT-UP,245.851,64.7543
Y-Z,44.5,LEFT-UP,114.149,295.2457
Y-Z,45.0,LEFT-DOWN,65.5302,65.5302
Y-Z,45.0,RIGHT-DOWN,294.4698,294.4698
Y-Z,45.0,RIGHT-UP,245.5302,65.5302
Y-Z,45.0,LEFT-UP,114.4698,294.4698
Y-Z,45.5,LEFT-DOWN,65.2074,66.3081
Y-Z,45.5,RIGHT-DOWN,294.7926,293.6919
Y-Z,45.5,RIGHT-UP,245.2074,66.3081
Y-Z,45.5,LEFT-UP,114.7926,293.6919
Y-Z,46.0,LEFT-DOWN,64.8826,67.088
Y-Z,46.0,RIGHT-DOWN,295.1174,292.912
Y-Z,46.0,RIGHT-UP,244.8826,67.088
Y-Z,46.0,LEFT-UP,115.1174,292.912
Y-Z,46.5,LEFT-DOWN,64.5557,67.87
Y-Z,46.5,RIGHT-DOWN,295.4443,292.13
Y-Z,46.5,RIGHT-UP,244.5557,67.87
Y-Z,46.5,LEFT-UP,115.4443,292.13
Y-Z,47.0,LEFT-DOWN,64.2266,68.6541
Y-Z,47.0,RIGHT-DOWN,295.7734,291.3459
Y-Z,47.0,RIGHT-UP,244.2266,68.6541
Y-Z,47.0,LEFT-UP,115.7734,291.3459
Y-Z,47.5,LEFT-DOWN,63.8954,69.4405
Y-Z,47.5,RIGHT-DOWN,296.1046,290.5595
Y-Z,47.5,RIGHT-UP,243.8954,69.4405
Y-Z,47.5,LEFT-UP,116.1046,290.5595
Y-Z,48.0,LEFT-DOWN,63.562,70.229
Y-Z,48.0,RIGHT-DOWN,296.438,289.771
Y-Z,48.0,RIGHT-UP,243.562,70.229
Y-Z,48.0,LEFT-UP,116.438,289.771
Y-Z,48.5,LEFT-DOWN,63.2263,71.0199
Y-Z,48.5,RIGHT-DOWN,296.7737,288.9801
Y-Z,48.5,RIGHT-UP,243.2263,71.0199
Y-Z,48.5,LEFT-UP,116.7737,288.9801
Y-Z,49.0,LEFT-DOWN,62.8883,71.8131
Y-Z,49.0,RIGHT-DOWN,297.1117,288.1869
Y-Z,49.0,RIGHT-UP,242.8883,71.8131
Y-Z,49.0,LEFT-UP,117.1117,288.1869
Y-Z,49.5,LEFT-DOWN,62.5479,72.6087
Y-Z,49.5,RIGHT-DOWN,297.4521,287.3913
Y-Z,49.5,RIGHT-UP,242.5479,72.6087
Y-Z,49.5,LEFT-UP,117.4521,287.3913
Y-Z,50.0,LEFT-DOWN,62.2051,73.4068
Y-Z,50.0,RIGHT-DOWN,297.7949,286.5932
Y-Z,50.0,RIGHT-UP,242.2051,73.4068
Y-Z,50.0,LEFT-UP,117.7949,286.5932
Y-Z,50.5,LEFT-DOWN,61.8598,74.2074
Y-Z,50.5,RIGHT-DOWN,298.1402,285.7926
Y-Z,50.5,RIGHT-UP,241.8598,74.2074
Y-Z,50.5,LEFT-UP,118.1402,285.7926
Y-Z,51.0,LEFT-DOWN,61.5119,75.0106
Y-Z,51.0,RIGHT-DOWN,298.4881,284.9894
Y-Z,51.0,RIGHT-UP,241.5119,75.0106
Y-Z,51.0,LEFT-UP,118.4881,284.9894
Y-Z,51.5,LEFT-DOWN,61.1615,75.8164
Y-Z,51.5,RIGHT-DOWN,298.8385,284.1836
Y-Z,51.5,RIGHT-UP,241.1615,75.8164
Y-Z,51.5,LEFT-UP,118.8385,284.1836
Y-Z,52.0,LEFT-DOWN,60.8083,76.625
Y-Z,52.0,RIGHT-DOWN,299.1917,283.375
Y-Z,52.0,RIGHT-UP,240.8083,76.625
Y-Z,52.0,LEFT-UP,119.1917,283.375
Y-Z,52.5,LEFT-DOWN,60.4525,77.4364
Y-Z,52.5,RIGHT-DOWN,299.5475,282.5636
Y-Z,52.5,RIGHT-UP,240.4525,77.4364
Y-Z,52.5,LEFT-UP,119.5475,282.5636
Y-Z,53.0,LEFT-DOWN,60.0938,78.2507
Y-Z,53.0,RIGHT-DOWN,299.9062,281.7493
Y-Z,53.0,RIGHT-UP,240.0938,78.2507
Y-Z,53.0,LEFT-UP,119.9062,281.7493
Y-Z,53.5,LEFT-DOWN,59.7323,79.0679
Y-Z,53.5,RIGHT-DOWN,300.2677,280.9321
Y-Z,53.5,RIGHT-UP,239.7323,79.0679
Y-Z,53.5,LEFT-UP,120.2677,280.9321
Y-Z,54.0,LEFT-DOWN,59.3678,79.8881
Y-Z,54.0,RIGHT-DOWN,300.6322,280.1119
Y-Z,54.0,RIGHT-UP,239.3678,79.8881
Y-Z,54.0,LEFT-UP,120.6322,280.1119
Y-Z,54.5,LEFT-DOWN,59.0003,80.7115
Y-Z,54.5,RIGHT-DOWN,300.9997,279.2885
Y-Z,54.5,RIGHT-UP,239.0003,80.7115
Y-Z,54.5,LEFT-UP,120.9997,279.2885
Y-Z,55.0,LEFT-DOWN,58.6297,81.538
Y-Z,55.0,RIGHT-DOWN,301.3703,278.462
Y-Z,55.0,RIGHT-UP,238.6297,81.538
Y-Z,55.0,LEFT-UP,121.3703,278.462
Y-Z,55.5,LEFT-DOWN,58.256,82.3679
Y-Z,55.5,RIGHT-DOWN,301.744,277.6321
Y-Z,55.5,RIGHT-UP,238.256,82.3679
Y-Z,55.5,LEFT-UP,121.744,277.6321
Y-Z,56.0,LEFT-DOWN,57.879,83.201
Y-Z,56.0,RIGHT-DOWN,302.121,276.799
Y-Z,56.0,RIGHT-UP,237.879,83.201
Y-Z,56.0,LEFT-UP,122.121,276.799
Y-Z,56.5,LEFT-DOWN,57.4987,84.0377
Y-Z,56.5,RIGHT-DOWN,302.5013,275.9623
Y-Z,56.5,RIGHT-UP,237.4987,84.0377
Y-Z,56.5,LEFT-UP,122.5013,275.9623
Y-Z,57.0,LEFT-DOWN,57.1149,84.8779
Y-Z,57.0,RIGHT-DOWN,302.8851,275.1221
Y-Z,57.0,RIGHT-UP,237.1149,84.8779
Y-Z,57.0,LEFT-UP,122.8851,275.1221
Y-Z,57.5,LEFT-DOWN,56.7277,85.7218
Y-Z,57.5,RIGHT-DOWN,303.2723,274.2782
Y-Z,57.5,RIGHT-UP,236.7277,85.7218
Y-Z,57.5,LEFT-UP,123.2723,274.2782
Y-Z,58.0,LEFT-DOWN,56.3369,86.5695
Y-Z,58.0,RIGHT-DOWN,303.6631,273.4305
Y-Z,58.0,RIGHT-UP,236.3369,86.5695
Y-Z,58.0,LEFT-UP,123.6631,273.4305
Y-Z,58.5,LEFT-DOWN,55.9423,87.421
Y-Z,58.5,RIGHT-DOWN,304.0577,272.579
Y-Z,58.5,RIGHT-UP,235.9423,87.421
Y-Z,58.5,LEFT-UP,124.0577,272.579
Y-Z,59.0,LEFT-DOWN,55.554,88.2765
Y-Z,59.0,RIGHT-DOWN,304.446,271.7235
Y-Z,59.0,RIGHT-UP,235.554,88.2765
Y-Z,59.0,LEFT-UP,124.446,271.7235
Y-Z,59.5,LEFT-DOWN,55.1418,89.1361
Y-Z,59.5,RIGHT-DOWN,304.8582,270.8639
Y-Z,59.5,RIGHT-UP,235.1418,89.1361
Y-Z,59.5,LEFT-UP,124.8582,270.8639
Y-Z,60.0,LEFT-DOWN,54.7356,90.0
Y-Z,60.0,RIGHT-DOWN,305.2644,270.0
Y-Z,60.0,RIGHT-UP,234.7356,90.0
Y-Z,60.0,LEFT-UP,125.2644,270.0
Y-Z,60.5,LEFT-DOWN,54.3253,90.8682
Y-Z,60.5,RIGHT-DOWN,305.6747,269.1318
Y-Z,60.5,RIGHT-UP,234.3253,90.8682
Y-Z,60.5,LEFT-UP,125.6747,269.1318
Y-Z,61.0,LEFT-DOWN,53.9107,91.741
Y-Z,61.0,RIGHT-DOWN,306.0893,268.259
Y-Z,61.0,RIGHT-UP,233.9107,91.741
Y-Z,61.0,LEFT-UP,126.0893,268.259
Y-Z,61.5,LEFT-DOWN,53.4918,92.6183
Y-Z,61.5,RIGHT-DOWN,306.5082,267.3817
Y-Z,61.5,RIGHT-UP,233.4918,92.6183
Y-Z,61.5,LEFT-UP,126.5082,267.3817
Y-Z,62.0,LEFT-DOWN,53.0684,93.5005
Y-Z,62.0,RIGHT-DOWN,306.9316,266.4995
Y-Z,62.0,RIGHT-UP,233.0684,93.5005
Y-Z,62.0,LEFT-UP,126.9316,266.4995
Y-Z,62.5,LEFT-DOWN,52.6404,94.3876
Y-Z,62.5,RIGHT-DOWN,307.3596,265.6124
Y-Z,62.5,RIGHT-UP,232.6404,94.3876
Y-Z,62.5,LEFT-UP,127.3596,265.6124
Y-Z,63.0,LEFT-DOWN,52.2077,95.2798
Y-Z,63.0,RIGHT-DOWN,307.7923,264.7202
Y-Z,63.0,RIGHT-UP,232.2077,95.2798
Y-Z,63.0,LEFT-UP,127.7923,264.7202
Y-Z,63.5,LEFT-DOWN,51.7701,96.1772
Y-Z,63.5,RIGHT-DOWN,308.2299,263.8228
Y-Z,63.5,RIGHT-UP,231.7701,96.1772
Y-Z,63.5,LEFT-UP,128.2299,263.8228
Y-Z,64.0,LEFT-DOWN,51.3274,97.0802
Y-Z,64.0,RIGHT-DOWN,308.6726,262.9198
Y-Z,64.0,RIGHT-UP,231.3274,97.0802
Y-Z,64.0,LEFT-UP,128.6726,262.9198
Y-Z,64.5,LEFT-DOWN,50.8795,97.9887
Y-Z,64.5,RIGHT-DOWN,309.1205,262.0113
Y-Z,64.5,RIGHT-UP,230.8795,97.9887
Y-Z,64.5,LEFT-UP,129.1205,262.0113
Y-Z,65.0,LEFT-DOWN,50.4263,98.9031
Y-Z,65.0,RIGHT-DOWN,309.5737,261.0969
Y-Z,65.0,RIGHT-UP,230.4263,98.9031
Y-Z,65.0,LEFT-UP,129.5737,261.0969
Y-Z,65.5,LEFT-DOWN,49.9675,99.8235
Y-Z,65.5,RIGHT-DOWN,310.0325,260.1765
Y-Z,65.5,RIGHT-UP,229.9675,99.8235
Y-Z,65.5,LEFT-UP,130.0325,260.1765
Y-Z,66.0,LEFT-DOWN,49.503,100.7502
Y-Z,66.0,RIGHT-DOWN,310.497,259.2498
Y-Z,66.0,RIGHT-UP,229.503,100.7502
Y-Z,66.0,LEFT-UP,130.497,259.2498
Y-Z,66.5,LEFT-DOWN,49.0327,101.6833
Y-Z,66.5,RIGHT-DOWN,310.9673,258.3167
Y-Z,66.5,RIGHT-UP,229.0327,101.6833
Y-Z,66.5,LEFT-UP,130.9673,258.3167
Y-Z,67.0,LEFT-DOWN,48.5562,102.6232
Y-Z,67.0,RIGHT-DOWN,311.4438,257.3768
Y-Z,67.0,RIGHT-UP,228.5562,102.6232
Y-Z,67.0,LEFT-UP,131.4438,257.3768
Y-Z,67.5,LEFT-DOWN,48.0734,103.57
Y-Z,67.5,RIGHT-DOWN,311.9266,256.43
Y-Z,67.5,RIGHT-UP,228.0734,103.57
Y-Z,67.5,LEFT-UP,131.9266,256.43
Y-Z,68.0,LEFT-DOWN,47.584,104.5241
Y-Z,68.0,RIGHT-DOWN,312.416,255.4759
Y-Z,68.0,RIGHT-UP,227.584,104.5241
Y-Z,68.0,LEFT-UP,132.416,255.4759
Y-Z,68.5,LEFT-DOWN,47.0879,105.4857
Y-Z,68.5,RIGHT-DOWN,312.9121,254.5143
Y-Z,68.5,RIGHT-UP,227.0879,105.4857
Y-Z,68.5,LEFT-UP,132.9121,254.5143
Y-Z,69.0,LEFT-DOWN,46.5847,106.4551
Y-Z,69.0,RIGHT-DOWN,313.4153,253.5449
Y-Z,69.0,RIGHT-UP,226.5847,106.4551
Y-Z,69.0,LEFT-UP,133.4153,253.5449
Y-Z,69.5,LEFT-DOWN,46.0743,107.4327
Y-Z,69.5,RIGHT-DOWN,313.9257,252.5673
Y-Z,69.5,RIGHT-UP,226.0743,107.4327
Y-Z,69.5,LEFT-UP,133.9257,252.5673
Y-Z,70.0,LEFT-DOWN,45.5563,108.4188
Y-Z,70.0,RIGHT-DOWN,314.4437,251.5812
Y-Z,70.0,RIGHT-UP,225.5563,108.4188
Y-Z,70.0,LEFT-UP,134.4437,251.5812
Y-Z,70.5,LEFT-DOWN,45.0305,109.4137
Y-Z,70.5,RIGHT-DOWN,314.9695,250.5863
Y-Z,70.5,RIGHT-UP,225.0305,109.4137
Y-Z,70.5,LEFT-UP,134.9695,250.5863
Y-Z,71.0,LEFT-DOWN,44.4965,110.4178
Y-Z,71.0,RIGHT-DOWN,315.5035,249.5822
Y-Z,71.0,RIGHT-UP,224.4965,110.4178
Y-Z,71.0,LEFT-UP,135.5035,249.5822
Y-Z,71.5,LEFT-DOWN,43.954,111.4316
Y-Z,71.5,RIGHT-DOWN,316.046,248.5684
Y-Z,71.5,RIGHT-UP,223.954,111.4316
Y-Z,71.5,LEFT-UP,136.046,248.5684
Y-Z,72.0,LEFT-DOWN,43.4027,112.4555
Y-Z,72.0,RIGHT-DOWN,316.5973,247.5445
Y-Z,72.0,RIGHT-UP,223.4027,112.4555
Y-Z,72.0,LEFT-UP,136.5973,247.5445
Y-Z,72.5,LEFT-DOWN,42.8421,113.49
Y-Z,72.5,RIGHT-DOWN,317.1579,246.51
Y-Z,72.5,RIGHT-UP,222.8421,113.49
Y-Z,72.5,LEFT-UP,137.1579,246.51
Y-Z,73.0,LEFT-DOWN,42.2719,114.5355
Y-Z,73.0,RIGHT-DOWN,317.7281,245.4645
Y-Z,73.0,RIGHT-UP,222.2719,114.5355
Y-Z,73.0,LEFT-UP,137.7281,245.4645
Y-Z,73.5,LEFT-DOWN,41.6916,115.5926
Y-Z,73.5,RIGHT-DOWN,318.3084,244.4074
Y-Z,73.5,RIGHT-UP,221.6916,115.5926
Y-Z,73.5,LEFT-UP,138.3084,244.4074
Y-Z,74.0,LEFT-DOWN,41.1008,116.6619
Y-Z,74.0,RIGHT-DOWN,318.8992,243.3381
Y-Z,74.0,RIGHT-UP,221.1008,116.6619
Y-Z,74.0,LEFT-UP,138.8992,243.3381
Y-Z,74.5,LEFT-DOWN,40.499,117.7441
Y-Z,74.5,RIGHT-DOWN,319.501,242.2559
Y-Z,74.5,RIGHT-UP,220.499,117.7441
Y-Z,74.5,LEFT-UP,139.501,242.2559
Y-Z,75.0,LEFT-DOWN,39.8855,118.8398
Y-Z,75.0,RIGHT-DOWN,320.1145,241.1602
Y-Z,75.0,RIGHT-UP,219.8855,118.8398
Y-Z,75.0,LEFT-UP,140.1145,241.1602
Y-Z,75.5,LEFT-DOWN,39.26,119.9497
Y-Z,75.5,RIGHT-DOWN,320.74,240.0503
Y-Z,75.5,RIGHT-UP,219.26,119.9497
Y-Z,75.5,LEFT-UP,140.74,240.0503
Y-Z,76.0,LEFT-DOWN,38.6216,121.0748
Y-Z,76.0,RIGHT-DOWN,321.3784,238.9252
Y-Z,76.0,RIGHT-UP,218.6216,121.0748
Y-Z,76.0,LEFT-UP,141.3784,238.9252
Y-Z,76.5,LEFT-DOWN,37.9697,122.2158
Y-Z,76.5,RIGHT-DOWN,322.0303,237.7842
Y-Z,76.5,RIGHT-UP,217.9697,122.2158
Y-Z,76.5,LEFT-UP,142.0303,237.7842
Y-Z,77.0,LEFT-DOWN,37.3036,123.3737
Y-Z,77.0,RIGHT-DOWN,322.6964,236.6263
Y-Z,77.0,RIGHT-UP,217.3036,123.3737
Y-Z,77.0,LEFT-UP,142.6964,236.6263
Y-Z,77.5,LEFT-DOWN,36.6223,124.5497
Y-Z,77.5,RIGHT-DOWN,323.3777,235.4503
Y-Z,77.5,RIGHT-UP,216.6223,124.5497
Y-Z,77.5,LEFT-UP,143.3777,235.4503
Y-Z,78.0,LEFT-DOWN,35.9252,125.7448
Y-Z,78.0,RIGHT-DOWN,324.0748,234.2552
Y-Z,78.0,RIGHT-UP,215.9252,125.7448
Y-Z,78.0,LEFT-UP,144.0748,234.2552
Y-Z,78.5,LEFT-DOWN,35.211,126.9605
Y-Z,78.5,RIGHT-DOWN,324.789,233.0395
Y-Z,78.5,RIGHT-UP,215.211,126.9605
Y-Z,78.5,LEFT-UP,144.789,233.0395
Y-Z,79.0,LEFT-DOWN,34.4787,128.1981
Y-Z,79.0,RIGHT-DOWN,325.5213,231.8019
Y-Z,79.0,RIGHT-UP,214.4787,128.1981
Y-Z,79.0,LEFT-UP,145.5213,231.8019
Y-Z,79.5,LEFT-DOWN,33.7271,129.4592
Y-Z,79.5,RIGHT-DOWN,326.2729,230.5408
Y-Z,79.5,RIGHT-UP,213.7271,129.4592
Y-Z,79.5,LEFT-UP,146.2729,230.5408
Y-Z,80.0,LEFT-DOWN,32.9548,130.7458
Y-Z,80.0,RIGHT-DOWN,327.0452,229.2542
Y-Z,80.0,RIGHT-UP,212.9548,130.7458
Y-Z,80.0,LEFT-UP,147.0452,229.2542
Y-Z,80.5,LEFT-DOWN,32.1603,132.0597
Y-Z,80.5,RIGHT-DOWN,327.8397,227.9403
Y-Z,80.5,RIGHT-UP,212.1603,132.0597
Y-Z,80.5,LEFT-UP,147.8397,227.9403
Y-Z,81.0,LEFT-DOWN,31.3417,133.4034
Y-Z,81.0,RIGHT-DOWN,328.6583,226.5966
Y-Z,81.0,RIGHT-UP,211.3417,133.4034
Y-Z,81.0,LEFT-UP,148.6583,226.5966
Y-Z,81.5,LEFT-DOWN,30.4971,134.7796
Y-Z,81.5,RIGHT-DOWN,329.5029,225.2204
Y-Z,81.5,RIGHT-UP,210.4971,134.7796
Y-Z,81.5,LEFT-UP,149.5029,225.2204
Y-Z,82.0,LEFT-DOWN,29.6241,136.1912
Y-Z,82.0,RIGHT-DOWN,330.3759,223.8088
Y-Z,82.0,RIGHT-UP,209.6241,136.1912
Y-Z,82.0,LEFT-UP,150.3759,223.8088
Y-Z,82.5,LEFT-DOWN,28.7202,137.6418
Y-Z,82.5,RIGHT-DOWN,331.2798,222.3582
Y-Z,82.5,RIGHT-UP,208.7202,137.6418
Y-Z,82.5,LEFT-UP,151.2798,222.3582
Y-Z,83.0,LEFT-DOWN,27.7823,139.1357
Y-Z,83.0,RIGHT-DOWN,332.2177,220.8643
Y-Z,83.0,RIGHT-UP,207.7823,139.1357
Y-Z,83.0,LEFT-UP,152.2177,220.8643
Y-Z,83.5,LEFT-DOWN,26.8066,140.6777
Y-Z,83.5,RIGHT-DOWN,333.1934,219.3223
Y-Z,83.5,RIGHT-UP,206.8066,140.6777
Y-Z,83.5,LEFT-UP,153.1934,219.3223
Y-Z,84.0,LEFT-DOWN,25.7888,142.2737
Y-Z,84.0,RIGHT-DOWN,334.2112,217.7263
Y-Z,84.0,RIGHT-UP,205.7888,142.2737
Y-Z,84.0,LEFT-UP,154.2112,217.7263
Y-Z,84.5,LEFT-DOWN,24.7236,143.931
Y-Z,84.5,RIGHT-DOWN,335.2764,216.069
Y-Z,84.5,RIGHT-UP,204.7236,143.931
Y-Z,84.5,LEFT-UP,155.2764,216.069
Y-Z,85.0,LEFT-DOWN,23.6045,145.6584
Y-Z,85.0,RIGHT-DOWN,336.3955,214.3416
Y-Z,85.0,RIGHT-UP,203.6045,145.6584
Y-Z,85.0,LEFT-UP,156.3955,214.3416
Y-Z,85.5,LEFT-DOWN,22.4234,147.467
Y-Z,85.5,RIGHT-DOWN,337.5766,212.533
Y-Z,85.5,RIGHT-UP,202.4234,147.467
Y-Z,85.5,LEFT-UP,157.5766,212.533
Y-Z,86.0,LEFT-DOWN,21.1697,149.3713
Y-Z,86.0,RIGHT-DOWN,338.8303,210.6287
Y-Z,86.0,RIGHT-UP,201.1697,149.3713
Y-Z,86.0,LEFT-UP,158.8303,210.6287
Y-Z,86.5,LEFT-DOWN,19.8295,151.3904
Y-Z,86.5,RIGHT-DOWN,340.1705,208.6096
Y-Z,86.5,RIGHT-UP,199.8295,151.3904
Y-Z,86.5,LEFT-UP,160.1705,208.6096
Y-Z,87.0,LEFT-DOWN,18.3839,153.5506
Y-Z,87.0,RIGHT-DOWN,341.6161,206.4494
Y-Z,87.0,RIGHT-UP,198.3839,153.5506
Y-Z,87.0,LEFT-UP,161.6161,206.4494
Y-Z,87.5,LEFT-DOWN,16.8055,155.8898
Y-Z,87.5,RIGHT-DOWN,343.1945,204.1102
Y-Z,87.5,RIGHT-UP,196.8055,155.8898
Y-Z,87.5,LEFT-UP,163.1945,204.1102
Y-Z,88.0,LEFT-DOWN,15.0524,158.4662
Y-Z,88.0,RIGHT-DOWN,344.9476,201.5338
Y-Z,88.0,RIGHT-UP,195.0524,158.4662
Y-Z,88.0,LEFT-UP,164.9476,201.5338
Y-Z,88.5,LEFT-DOWN,13.0542,161.378
Y-Z,88.5,RIGHT-DOWN,346.9458,198.622
Y-Z,88.5,RIGHT-UP,193.0542,161.378
Y-Z,88.5,LEFT-UP,166.9458,198.622
Y-Z,89.0,LEFT-DOWN,10.6739,164.8172
Y-Z,89.0,RIGHT-DOWN,349.3261,195.1828
Y-Z,89.0,RIGHT-UP,190.6739,164.8172
Y-Z,89.0,LEFT-UP,169.3261,195.1828
Y-Z,89.5,LEFT-DOWN,7.5584,169.2797
Y-Z,89.5,RIGHT-DOWN,352.4416,190.7203
Y-Z,89.5,RIGHT-UP,187.5584,169.2797
Y-Z,89.5,LEFT-UP,172.4416,190.7203
Y-Z,90.0,LEFT-DOWN,0.0,180.0
Y-Z,90.0,RIGHT-DOWN,0.0,180.0
Y-Z,90.0,RIGHT-UP,180.0,180.0
Y-Z,90.0,LEFT-UP,180.0,180.0
